Model,Tasks,Pairwise Rel. log WIS,Mean log WIS,Median log WIS,Pairwise Rel. WIS,Mean WIS,Median WIS,50% coverage,95% coverage
Google_SAI-FluEns,5824,0.9089531682674878,0.2967556237108001,0.21367761107318764,0.9163854186797951,58.61736883656585,13.77844652173913,0.5190590659340659,0.939217032967033
CMU-TimeSeries,5616,0.9370617506787766,0.30587650977207503,0.21185998272027326,0.8681669895206335,57.65034902861621,14.369311130880632,0.4825498575498576,0.9371438746438746
UGA_flucast-INFLAenza,5408,0.9384532622820482,0.30796477683774576,0.1941190399914216,0.9152947847068873,51.228735914587084,11.864202173913043,0.49796597633136097,0.8994082840236687
OHT_JHU-nbxd,5824,0.9451706844053177,0.30639792836367763,0.20902727913182195,1.015154057927968,64.95472305825967,13.924897826086955,0.42754120879120877,0.8404876373626373
FluSight-HJudge_ensemble,5824,0.9473921981816456,0.30876298840112093,0.21972767138049948,0.9411810008436594,60.185378792403256,13.220217391304349,0.49725274725274726,0.9067651098901099
FluSight-trained_mean,5824,0.9540813679852013,0.3107220801727908,0.22516766421197576,0.9537736444618552,60.99395147427164,13.631766449246047,0.46291208791208793,0.8995535714285714
UMass-flusion,5616,0.9579867926802323,0.31379230260396945,0.219272066159305,0.922432518881784,57.77248234106939,10.573180412483094,0.354522792022792,0.8251424501424501
FluSight-trained_med,5824,0.9868906832496768,0.3216418334070596,0.23499747363946075,0.9535112289950728,60.99683259396994,14.006794791727561,0.5049793956043956,0.9192994505494505
NAU-vulPES,5824,0.987185661344165,0.3215596689067648,0.22307982479320868,0.9277646310140064,59.243448399426654,14.236739130434781,0.4538118131868132,0.932864010989011
FluSight-ensemble,5824,1.0,0.3263709671228827,0.2360813915378751,1.0,64.00686850513617,13.753695652173912,0.5260989010989011,0.9038461538461539
UVAFluX-FS_OptimWISE,4992,1.00282548658195,0.2965733149104854,0.2104858428975896,1.0527953013465439,58.25590518743032,11.202826086956522,0.4465144230769231,0.8723958333333334
FluSight-lop_norm,5824,1.0216796779320638,0.3327219016711588,0.26317094450329914,0.9649205404047911,61.68407765468228,15.103913043478261,0.5899725274725275,0.9759615384615384
MIGHTE-Nsemble,5824,1.051238740692856,0.34255252841164524,0.2464733672813614,1.1115532810312971,70.80070128836095,17.372131766222513,0.5123626373626373,0.9261675824175825
UGA_flucast-Scenariocast,5408,1.05477229306961,0.3391019946190832,0.24110017619879007,0.9751011011668597,65.12952357216362,15.274565217391304,0.4530325443786982,0.9071745562130178
MIGHTE-Joint,4992,1.0604170943497542,0.31318417691084327,0.2468659211565125,1.069126885342099,59.23230938544046,15.88953706064308,0.6205929487179487,0.9689503205128205
NEU_ISI-AdaptiveEnsemble,5240,1.0611606239188247,0.34463355927953243,0.2369187375984953,1.042070934378236,68.80298307334883,12.46478260869565,0.35896946564885496,0.7543893129770992
CU-ARNB_Net,5200,1.1784520954219972,0.36050321266502655,0.27159057780926005,1.005478940632433,61.755416471571905,14.346521739130434,0.5425,0.9448076923076923
PSI-PROF_MOA,5824,1.1854177634666963,0.3831245648093486,0.2797222911250231,1.3686886372892928,86.47166349737219,15.371806521739131,0.4699519230769231,0.789320054945055
NAU-FourCAT,5616,1.1964331798848604,0.38026552769180055,0.26997829721801236,0.9550148283047916,58.43180083302366,14.608478260869564,0.4439102564102564,0.9561965811965812
PSI-PROF,5824,1.2039314130933592,0.38919170036832335,0.3090373753632687,1.2503177200856368,78.88632094332299,18.801506521739135,0.5479052197802198,0.9569024725274725
UGA_flucast-Copycat,5824,1.2059214936091942,0.3916446371973289,0.25043181344216364,1.212306612862251,76.69917350991399,16.12304347826087,0.37328296703296704,0.8250343406593407
NAU-epymorph,5824,1.2314365535880147,0.4026968152999905,0.2744518985718637,1.3074815711616368,82.58460127508361,15.62695652173913,0.32537774725274726,0.7539491758241759
UGA_CEID-auto_AVG_LB,5408,1.2376237138898518,0.3976353945764684,0.22852880447032803,1.4152299405215139,94.16748823261831,19.053681578340907,0.41900887573964496,0.8165680473372781
Gatech-ensemble_prob,5660,1.2496099478934866,0.407170744444448,0.29265731394156436,1.4232716976736368,92.00476317406667,16.13195652173913,0.49946996466431093,0.8319787985865724
MOBS-EpyStrain_Flu,5209,1.277937175507316,0.41079734557858616,0.26398345170671533,1.4857775897979468,93.78528792140693,12.816521739130433,0.3812631983106162,0.77289306968708
MOBS-GLEAM_RL_FLUH,5696,1.301390573489749,0.4231638885526294,0.280943732345454,1.0862634484354867,69.50670465452625,15.053843327916187,0.23402387640449437,0.6018258426966292
UVAFluX-Ensemble,5772,1.3167960937280643,0.4194182988137993,0.29835568407313057,2.454700046805222,146.08590323601192,16.739347826086956,0.4527027027027027,0.784996534996535
Gatech-ensemble_stat,5824,1.3302218222037387,0.43174448659114856,0.33807927711770136,1.2435543843141876,79.39136712551763,17.657614116271972,0.520260989010989,0.8186813186813187
CEPH-Rtrend_fluH,5824,1.3361725469297705,0.4293504882480187,0.3215302030259793,1.0107119436215015,64.40427063425705,14.51086956521739,0.4222184065934066,0.8737980769230769
NEU_ISI-FluBcast,5088,1.3651692610500195,0.42440298320699704,0.29124460337030944,1.5182695253009693,101.53806116694012,15.581521739130434,0.2270047169811321,0.5404874213836478
Cornell_JHU-hierarchSIR,5824,1.3886056639680846,0.4495842807641038,0.33000094769373944,0.9301917255142524,59.47561901697956,15.047584782608697,0.38427197802197804,0.835679945054945
CU-ensemble,5824,1.4209293529132458,0.45754807031806016,0.30881929493598204,1.1575849824883642,73.48963778069756,15.464130434782607,0.5084134615384616,0.8490728021978022
UNC_IDD-InfluPaint,5712,1.4258129223702127,0.4630671768885808,0.3403362173367762,1.3437739955825638,86.07497972035273,17.038059111674237,0.4387254901960784,0.8391106442577031
UMass-AR2,5772,1.4379897837173607,0.46550747087607086,0.3342095088277588,1.3417447861351077,84.51508755691437,18.01743245860027,0.4622314622314622,0.8264033264033264
NIH-Flu_ARIMA,4876,1.441191825752508,0.4720231545304563,0.30629004130186555,1.3223334944921383,89.3145173342369,16.04,0.24958982772764562,0.6837571780147662
VTSanghani-PRIME,4953,1.5065119801439382,0.4944725314391202,0.2587380244029304,1.594112815356456,79.99194374950622,18.440434782608698,0.5427013930950939,0.7427821522309711
FluSight-baseline,5824,1.6440597252918558,0.5303682706728038,0.44943095194957194,1.5007553990830684,94.79753538580985,22.22782608695652,0.43440934065934067,0.8650412087912088
UM-DeepOutbreak,5200,1.7406822199374774,0.5630859313470794,0.5354802755009878,1.3927634530048114,95.27388439619561,29.612556577173912,0.5488461538461539,0.8365384615384616
LosAlamos-DoSiDo,5616,1.7861372536229854,0.575326737297091,0.4616814857521203,1.6646161376480602,108.75810169701475,20.586739130434786,0.4909188034188034,0.9266381766381766
LosAlamos-ThinMint,5616,1.8094662328314943,0.581587036665746,0.4401441226319177,1.3644705790314275,89.84277537780255,22.502391304347825,0.4586894586894587,0.8395655270655271
SigSci-TSENS,4752,1.836660576604056,0.5341557250029548,0.4958989265339854,1.4480271744775006,81.35670564339043,16.884347826086955,0.5995370370370371,0.8318602693602694
LosAlamos_NAU-CModel_Flu,5820,1.9744632909502342,0.6378877895836059,0.42921641236881747,1.878983766825908,118.60651038921262,19.53956956521739,0.18384879725085912,0.43264604810996565
UGA_CEID-Walk,5356,1.9772591767800587,0.632004752241317,0.4615701196939641,1.6850367575984213,110.89256238976199,25.051198695652175,0.5108289768483943,0.7593353248693054
